avg_height,max_height,min_height,height_range
2.135738115095913,8,0,8
2.43632486916069,8,0,8
